u,P
0.5,2.81345709674608
0.51,2.79863125075193
0.52,2.73884697728238
0.53,2.61791855269469
0.54,2.58436724876273
0.55,2.53671521078259
0.56,2.54026976056587
0.57,2.5757981548989
0.58,2.6075538589474
0.59,2.35333085334773
0.6,2.27136974459367
0.61,2.17674384784905
0.62,2.15480569705507
0.63,2.1721408506195
0.64,2.09310101828606
0.65,2.09725463810782
0.66,2.12881538611326
0.67,2.15049673919389
0.68,2.01503227150711
0.69,1.96329313516558
0.7,1.99531059527931
0.71,1.96708238478527
0.72,1.99116534268568
0.73,1.96153306353073
0.74,1.84387116018048
0.75,1.72553018568196
0.76,1.63096456255049
0.77,1.59421113150799
0.78,1.61497758131702
0.79,1.55651823919217
0.8,1.58181628871432
0.81,1.59244714837376
0.82,1.40889002004103
0.83,1.34575774591078
0.84,1.33541681105576
0.85,1.34397036790881
0.86,1.34708618331392
0.87,1.31124852426782
0.88,1.31101848036618
0.89,1.30873560273032
0.9,1.33419168173416
0.91,1.33412117433713
0.92,1.37447982579538
0.93,1.37822862480018
0.94,1.39815862596801
0.95,1.24451808750037
