u,mean,lo,hi
0.5,2.61756816347795,2.07912022217997,3.40896929057316
0.51,2.57310617674372,2.05276070443924,3.34975507727982
0.52,2.52834649352126,2.00102207117027,3.24874632014726
0.53,2.48773107072343,1.97854037297931,3.22389370285187
0.54,2.44413702675866,1.94264692764937,3.1699781389021
0.55,2.4078314850465,1.9171998841202,3.1500889063173
0.56,2.36791110429846,1.89204062016947,3.07717695486781
0.57,2.33102842691358,1.88112317481617,3.01786242862734
0.58,2.29488725563381,1.84074836723021,2.92459210837727
0.59,2.25915329732746,1.81550349480675,2.89596098808765
0.6,2.22647780962107,1.80642448956404,2.86125435097155
0.61,2.18979982876002,1.77068130615913,2.80338889669624
0.62,2.15742930633449,1.75082462634147,2.7150037818259
0.63,2.12561023415817,1.73742863052804,2.69088034107433
0.64,2.09655219358424,1.70647863499962,2.66213940719024
0.65,2.06857280459853,1.69801076598055,2.62384078171821
0.66,2.03701738320781,1.65496550733451,2.58994774376609
0.67,2.00913760927842,1.64603432586541,2.55035763758902
0.68,1.98182053577319,1.61851053088562,2.52824711345765
0.69,1.95543516584205,1.60478893055775,2.46873430890733
0.7,1.92995169551211,1.58203914185056,2.43173359992148
0.71,1.90275658297988,1.56923719320696,2.39107436797124
0.72,1.87489535785641,1.55844884895048,2.36126661823188
0.73,1.84798383307286,1.53295498548951,2.33356615721684
0.74,1.82145648372515,1.51657278894634,2.24547245139627
0.75,1.79730205438762,1.48403530077977,2.22988971648058
0.76,1.77200051357313,1.46213669812613,2.17346456136059
0.77,1.74851152247911,1.43769683419818,2.16808209310527
0.78,1.72527824773359,1.42336070302002,2.13763228969156
0.79,1.70398114074693,1.39862569902726,2.09568323629051
0.8,1.68476472654483,1.39689129727968,2.08338323845703
0.81,1.66430974588185,1.36687871222218,2.05668950022184
0.82,1.64016785035006,1.34918649122444,2.00171812615768
0.83,1.61975073196543,1.33880725540556,1.96142905349021
0.84,1.59967699191699,1.31108070174895,1.96345965641234
0.85,1.57941730267981,1.30333512923856,1.94924865575341
0.86,1.55887475713974,1.27943725494339,1.93776087218206
0.87,1.53598486245539,1.26562377343327,1.91898195847914
0.88,1.51774379984256,1.2525470172096,1.88783110534028
0.89,1.49793478480887,1.23088874501276,1.87712863326106
0.9,1.47568573711837,1.2127649830554,1.84882573268059
0.91,1.45614331933227,1.19740467238536,1.84292667185371
0.92,1.43254368413256,1.18582429722336,1.8088439477666
0.93,1.41502770486242,1.16456555506913,1.80916765047263
0.94,1.39166017124412,1.14925415625596,1.80713374856928
0.95,1.36963224643981,1.12146323235584,1.79657596640437
