"scenario","n","abs_0.1","abs_0.15","abs_0.2","rel_1.25","rel_1.5","median_Delta_min","secs"
"power: Gamma(4) vs Gamma(4)",300,0,0,1.8,0,0,0.266,38.2
"power: Gamma(4) vs Gamma(4)",500,0,0.6,46.95,0,0,0.202,37.2
"power: Gamma(4) vs Gamma(4)",1000,0.05,69.1,99.4,0,2.1,0.14,50.1
"power: Gamma(4) vs Gamma(4)",2000,59.1,99.9,100,0,82.35,0.097,82.1
"power: Gamma(4) vs Gamma(4)",5000,100,100,100,55.6,100,0.061,228.2
"boundary: sup|D| = 0.15 (read column abs_0.15)",300,0,0,0,0,0,0.392,32.4
"boundary: sup|D| = 0.15 (read column abs_0.15)",500,0,0,0.35,0,0,0.326,35.9
"boundary: sup|D| = 0.15 (read column abs_0.15)",1000,0,0.1,3.6,0,0,0.268,50.8
"boundary: sup|D| = 0.15 (read column abs_0.15)",2000,0,0.25,16.35,0,0.2,0.227,82.9
"boundary: sup|D| = 0.15 (read column abs_0.15)",5000,0,0.1,55.45,0,3.55,0.197,235.4
