"scenario","truth","n","boot","perm","perm_norm","boot_stud","perm_stud","boot_mn","mc_se","secs"
"gamma_vs_LMRQD","H1",50,65.3,76.75,74.2,72.7,84.05,65.05,0.49,79.9
"gamma_vs_LMRQD","H1",100,94.1,97.7,98.25,96.9,98.55,93.75,0.49,441.3
"gamma_vs_LMRQD","H1",300,100,100,100,100,100,100,0.49,199.5
"gamma_vs_LMRQD","H1",500,100,100,100,100,100,100,0.49,159
"gamma_vs_LMRQD","H1",1000,100,100,100,100,100,100,0.49,11451.9
"gamma_vs_lognormal","H1",50,83.65,95,36.05,94.35,99.55,82.5,0.49,83
"gamma_vs_lognormal","H1",100,90.75,99.35,67.45,99.15,100,90.15,0.49,81.8
"gamma_vs_lognormal","H1",300,97,100,94.5,99.95,100,96.5,0.49,136.4
"gamma_vs_lognormal","H1",500,98.8,100,98.15,100,100,98.4,0.49,151.7
"gamma_vs_lognormal","H1",1000,99.5,100,99.7,100,100,99.4,0.49,247.5
"LMRQD_vs_lognormal","H1",50,35.2,56.6,16.4,29.35,56.25,37.95,0.49,94.2
"LMRQD_vs_lognormal","H1",100,72.45,88.15,62.7,64.75,87.15,71.65,0.49,96.6
"LMRQD_vs_lognormal","H1",300,98.5,100,99.5,97,100,97.95,0.49,127.8
"LMRQD_vs_lognormal","H1",500,99.75,100,99.95,99.2,100,99.65,0.49,143.7
"LMRQD_vs_lognormal","H1",1000,99.85,100,100,99.8,100,99.8,0.49,201.4
