U_lower,U_upper,U_lower_used,U_upper_used,L,T_EQ,n_eff,p_perm,p_boot,crit95_perm,crit95_boot,C_int,width
0.1,0.9,0.1,0.9,30,52.00910756641397,973.9193260148072,3e-4,1e-4,29.18549465675213,29.37248914629439,0.25990691289798007,0.8
0.15,0.9,0.15,0.9,30,32.318114660415084,973.9193260148072,0,0,18.329551433749607,16.880735299597333,0.19298403756259846,0.75
0.2,0.9,0.2,0.9,30,20.903993333384154,973.9193260148072,0,4e-4,11.533436162887897,10.82304186349702,0.1526970442135341,0.7
0.25,0.9,0.25,0.9,30,17.183439068785965,973.9193260148072,0,0,9.137375802092699,8.545741956439848,0.12782677947388296,0.65
0.3,0.9,0.3,0.9,30,12.815215038796039,973.9193260148072,0,0,6.247719350723704,6.074537243768042,0.10268669758539532,0.6000000000000001
0.35,0.9,0.35,0.9,30,10.345616783443152,973.9193260148072,0,0,5.533480668849345,5.262793532201098,0.08959149369900525,0.55
0.4,0.9,0.4,0.9,30,9.658194843417311,973.9193260148072,0,0,4.580051166224217,4.460998331415612,0.07348607775259143,0.5
0.45,0.9,0.45,0.9,30,7.682154967544457,973.9193260148072,0,0,4.282960680563496,4.042042969580188,0.05936671570279358,0.45
0.5,0.9,0.5,0.9,30,7.356532664291699,973.9193260148072,0,0,3.417733434784785,3.3591179827774775,0.048198283925970295,0.4
0.55,0.9,0.55,0.9,30,5.183005480301274,973.9193260148072,2e-4,1e-4,2.97093788042675,2.958035195712884,0.0375210828273068,0.35
0.6,0.9,0.6,0.9,30,5.027262734989001,973.9193260148072,2e-4,1e-4,2.920981254841195,2.8567429689683164,0.030032142328734183,0.30000000000000004
0.65,0.9,0.65,0.9,30,4.562334339391122,973.9193260148072,0,2e-4,2.675419126431852,2.601192557820672,0.022419729807109094,0.25
0.7,0.9,0.7,0.9,30,4.040499314298447,973.9193260148072,0,1e-4,2.303815497317168,2.2882754569906565,0.01600875266098302,0.20000000000000007
0.75,0.9,0.75,0.9,30,3.3606665629663905,973.9193260148072,3e-4,5e-4,2.218296092016806,2.191520632503421,0.011267457807951183,0.15000000000000002
0.8,0.9,0.8,0.9,30,3.317144680959744,973.9193260148072,1e-4,3e-4,2.1078494048990946,2.070914613501753,0.007458968440454983,0.09999999999999998
0.85,0.975,0.85,0.975,30,3.3527749052203557,973.9193260148072,0.0018,0.0018,2.3930812127007957,2.3766871392907927,0.007672105026291316,0.125
